surl,,sname,map_x,map_y,map_info,en_sname,alias,address,pic_url,full_url
sanlitun,三里屯,12964323.02,4829919.03,116.45922800018,39.942632094391,Village,三里屯Village,北起三里屯东三街，南至工体北路,f636afc379310a55eb314935b74543a9832610dd,http://a.hiphotos.baidu.com/lvpics/w%3D300/sign=ca6d7479d43f8794d3ff4e2ee21a0ead/f636afc379310a55eb314935b74543a9832610dd.jpg
wangfujing,王府井,12959685.62,4826257.12,116.41756998046,39.917306047348,null,null,北京市东城区王府井大街,734f12f33ace44930a46e0fa,http://f.hiphotos.baidu.com/lvpics/w%3D300/sign=6f22f0a41e178a82ce3c79a0c603737f/734f12f33ace44930a46e0fa.jpg
huanlegu,北京欢乐谷,12968951.18,4819932.62,116.50080301647,39.873543085638,null,欢乐谷,北京市朝阳区东四环小武基北路,570f8c5888d384869d820417,http://b.hiphotos.baidu.com/lvpics/w%3D300/sign=a22885499313b07ebdbd56083cd69113/570f8c5888d384869d820417.jpg
yonghegong,雍和宫,12960353.1,4831541.19,116.42356599008,39.953848057047,The Lama Temple,null,北京市东城区北新桥雍和宫大街12号,96dda144ad345982d84fd4530cf431adcaef842d,http://c.hiphotos.baidu.com/lvpics/w%3D300/sign=bd327f3a0a46f21fc9345853c6266b31/96dda144ad345982d84fd4530cf431adcaef842d.jpg
zhongguokexuejishuguan,中国科学技术馆,12958318.38,4839980.6,116.40528798821,40.01217003935,China Science and Technology Museum,null,北京市朝阳区北辰东路5号,6a21123372dbaba01b4cff5d,http://f.hiphotos.baidu.com/lvpics/w%3D300/sign=cc8df343b051f819f125054aeab54a76/6a21123372dbaba01b4cff5d.jpg
beijinghaiyangguan,北京海洋馆,12951842.97,4831263.48,116.34711902338,39.951928041964,null,null,北京海淀区高粱桥斜街乙18号（北京动物园北门内）,c2fdfc039245d68860ae9e14a5c27d1ed31b24d5,http://e.hiphotos.baidu.com/lvpics/w%3D300/sign=bdb2c4d4574e9258a63480eeac83d1d1/c2fdfc039245d68860ae9e14a5c27d1ed31b24d5.jpg
guojiabowuguan,国家博物馆,12958615.25,4825399.37,116.40795478777,39.911372418119,National Museum of China,中国国家博物馆,北京市 东城区东长安街16号,b3508d13a6d2f1d86438db21,http://g.hiphotos.baidu.com/lvpics/w%3D300/sign=1c7d5981f2d3572c66e29adcba126352/b3508d13a6d2f1d86438db21.jpg
jingshangongyuan,景山公园,12958075.92,4828386.92,116.40310995667,39.93203705471,null,null,北京市西城区景山西街44号,5beeba0fefffc2b5ab6457f9,http://e.hiphotos.baidu.com/lvpics/w%3D300/sign=268f9f46a8d3fd1f3609a43a004e25ce/5beeba0fefffc2b5ab6457f9.jpg
maozhuxijiniantang,毛主席纪念堂,12958188.43,4825033.46,116.4041206402,39.908841016764,Chairman Mao Zedong Memorial Hall,null,北京市 东城区天安门广场,d002b34b4c5f48a882025c81,http://f.hiphotos.baidu.com/lvpics/w%3D300/sign=1d462280bc3eb13544c7b1bb961fa8cb/d002b34b4c5f48a882025c81.jpg
shuilifang,水立方,12957286.1,4838083.05,116.39601496009,39.999061069576,null,国家游泳中心,北京市朝阳区天辰东路11号?,6391e9034fd89bb408fa9395,http://g.hiphotos.baidu.com/lvpics/w%3D300/sign=731cea4b73f082022d92973f7bfafb8a/6391e9034fd89bb408fa9395.jpg
aolinpikesenlingongyuan,奥林匹克森林公园,12957373.83,4841875.2,116.39680304351,40.025256098031,null,null,北京市朝阳区北辰东路15号,7a8a1446014b82516b63e58a,http://d.hiphotos.baidu.com/lvpics/w%3D300/sign=79d685594a90f60304b09a470913b370/7a8a1446014b82516b63e58a.jpg
dashilan,大栅栏,12957869,4824050,116.40125118291,39.902036876505,null,北京市大栅栏商业街区,北京市西城区大栅栏商业街,0b7b02087bf40ad11af05e21572c11dfa8ecced8,http://a.hiphotos.baidu.com/lvpics/w%3D300/sign=8f1f033179310a55c424d8f487444387/0b7b02087bf40ad11af05e21572c11dfa8ecced8.jpg
mutianyuchangcheng,慕田峪长城,12976693.2,4901765.01,116.57035000871,40.437612000054,null,null,北京市怀柔区慕田峪村,dbf554eded4db38cb31cb1bc,http://d.hiphotos.baidu.com/lvpics/w%3D300/sign=15b6ec678794a4c20a23e12b3ef51bac/dbf554eded4db38cb31cb1bc.jpg
longqingxia,龙庆峡,12914120.39,4919102.03,116.00825500874,40.556509014608,null,null,北京市延庆县龙庆峡,d57e99942dfd4e46d21b70bc,http://b.hiphotos.baidu.com/lvpics/w%3D300/sign=74c59c09f3deb48ffb69a7dec01e3aef/d57e99942dfd4e46d21b70bc.jpg
mingshisanling,明十三陵,12938504.74,4875203.96,116.22730096836,40.255045011022,null,null,北京市昌平区十三陵特区,00e93901213fb80e48591e6737d12f2eb83894f1,http://d.hiphotos.baidu.com/lvpics/w%3D300/sign=16989eaa2934349b74066885f9eb1521/00e93901213fb80e48591e6737d12f2eb83894f1.jpg
badachu,八大处,12934138.522948,4833446.8848838,116.188079,39.967022,null,八大处公园,北京市石景山区西山风景区南麓,91ae68c69a20f4439c163d0c,http://f.hiphotos.baidu.com/lvpics/w%3D300/sign=ba8bd1a01a4c510faec4e41a50582528/91ae68c69a20f4439c163d0c.jpg
chaoyanggongyuan,朝阳公园,12967528.39,4831046.53,116.48802201551,39.950428068,null,水碓公园,北京市朝阳区农展南路1号,622762d0f703918f2e3aa808513d269758eec40d,http://g.hiphotos.baidu.com/lvpics/w%3D300/sign=90c12a70b9014a90813e40bd99753971/622762d0f703918f2e3aa808513d269758eec40d.jpg
renmindahuitang,人民大会堂,12957719.17,4825380.19,116.39990525176,39.911239731335,The Great Hall of the People,null,北京市中心天安门广场西侧,960a304e251f95cac40e0477c9177f3e66095273,http://f.hiphotos.baidu.com/lvpics/w%3D300/sign=6300041ece1b9d168ac79c61c3dcb4eb/960a304e251f95cac40e0477c9177f3e66095273.jpg
gugong,故宫,12958111.099999,4827236.7510333,116.40342598054,39.924082098866,the Forbidden City,故宫博物院,北京市东城区景山前街4号,e850352ac65c1038dd21295ab3119313b17e89cf,http://g.hiphotos.baidu.com/lvpics/w%3D300/sign=b30f8753b3fb43161a1f7c7a10a54642/e850352ac65c1038dd21295ab3119313b17e89cf.jpg
yiheyuan,颐和园,12943800.16,4837998.23,116.274870018,39.998475042737,Summer Palace,null,北京市海淀区新建宫门路19号,ac2fc3c4cc25a79338db49fc,http://f.hiphotos.baidu.com/lvpics/w%3D300/sign=a7d60bade0fe9925cb0c6f5004a95ee4/ac2fc3c4cc25a79338db49fc.jpg
badalingchangcheng,八达岭长城,12912532.4,4888779.29,115.99399000707,40.348417069259,null,null,北京市延庆县军都山关沟古道北口,d1a20cf431adcbefd03a864cacaf2edda3cc9f6a,http://g.hiphotos.baidu.com/lvpics/w%3D300/sign=cd503b5e6b600c33f079d8c82a4d5134/d1a20cf431adcbefd03a864cacaf2edda3cc9f6a.jpg
tiananmen,天安门,12958161.09,4825948.92,116.40387504347,39.915174081892,null,天安门城楼,北京市东城区天安门广场北侧,ac2fc3c4d81bbb9338db493e,http://b.hiphotos.baidu.com/lvpics/w%3D300/sign=b3e817ade0fe9925cb0c6f5004a95ee4/ac2fc3c4d81bbb9338db493e.jpg
houhai,后海,12957097,4830759.5,116.39431626437,39.948443515889,null,什刹海,北京市西城区,29752a9b5d7fb9dec9eaf495,http://g.hiphotos.baidu.com/lvpics/w%3D300/sign=d94543e087d6277fe912343818391f63/29752a9b5d7fb9dec9eaf495.jpg
tiantan,天坛,12959657.01,4822018.13,116.41731297525,39.887977077342,null,null,北京市东城区天坛内东里7号,d058ccbf6c81800a2e79c8bfb13533fa838b47e6,http://h.hiphotos.baidu.com/lvpics/w%3D300/sign=8faf0f6d54e736d158138a08ab514ffc/d058ccbf6c81800a2e79c8bfb13533fa838b47e6.jpg
yuanmingyuan,圆明园,12948223.71,4840577.06,116.31460701138,40.016290079172,null,null,北京市海淀区清华西路28号,d1e312f41474f3b77709d716,http://f.hiphotos.baidu.com/lvpics/w%3D300/sign=2d236965269759ee4a5066cb82fa434e/d1e312f41474f3b77709d716.jpg
niaochao,鸟巢,12957966.94,4838139.64,116.40213098332,39.999452050709,National Stadium,国家体育场,北京市朝阳区安定路甲3号,8367d1fcab9cbddab801a041,http://f.hiphotos.baidu.com/lvpics/w%3D300/sign=c5440c9f9f3df8dca63d8991fd1072bf/8367d1fcab9cbddab801a041.jpg
xiangshan,香山,12935061.71,4837720.6401711,116.19637204016,39.996557051025,Fragrance Hill,香山公园,北京市海淀区西北郊小西山山脉东麓,6398ecd38c6d2687a9ec9abf,http://d.hiphotos.baidu.com/lvpics/w%3D300/sign=451038eb0f2442a7ae0efba5e142ad95/6398ecd38c6d2687a9ec9abf.jpg
798yishuqu,798艺术区,12969063.5,4836735.49,116.50181199322,39.989750091316,Dashanzi Art District,北京798艺术区,北京市朝阳区酒仙桥路4号798艺术区,d058ccbf6c81800ae41b12c6b13533fa838b4778,http://f.hiphotos.baidu.com/lvpics/w%3D300/sign=45cdd51454e736d158138a08ab524ffc/d058ccbf6c81800ae41b12c6b13533fa838b4778.jpg
nanluoguxiang,南锣鼓巷,12958785.70562,4830464.539992,116.409486,39.946404,null,null,北京市 东城区南锣鼓巷胡同,c9d4cf4332ebe94b72f05d5d,http://h.hiphotos.baidu.com/lvpics/w%3D300/sign=f321b85219d8bc3ec60800cab28aa6c8/c9d4cf4332ebe94b72f05d5d.jpg
beihaigongyuan,北海公园,12957322.36,4829445.21,116.39634068567,39.939355651362,null,null,北京市西城区文津街1号,fc5e5f34fe200716251f14a7,http://b.hiphotos.baidu.com/lvpics/w%3D300/sign=a2c541514b36acaf59e090fc4cd98d03/fc5e5f34fe200716251f14a7.jpg
tiananmenguangchang,天安门广场,12958176.67,4825596.35,116.40401499947,39.912735106081,null,null,北京市东城区西长安街,507c3897be420a3554fb9622,http://h.hiphotos.baidu.com/lvpics/w%3D300/sign=43a37ca3fbedab6474724bc0c737af81/507c3897be420a3554fb9622.jpg
beijingdongwuyuan,北京动物园,12951336.46,4830575.03,116.34256901614,39.947168042521,null,null,北京市 西城区西直门外大街137号,5af4d7ea1ea00e8bd439c963,http://d.hiphotos.baidu.com/lvpics/w%3D300/sign=2c11a67707082838680dda148898a964/5af4d7ea1ea00e8bd439c963.jpg
shijiegongyuan,世界公园,12945896.33,4811731.98,116.2937000286,39.816756065599,null,null,北京市丰台区花乡丰葆路158号,906289ddb81d936c5982dd96,http://b.hiphotos.baidu.com/lvpics/w%3D300/sign=934a5d7f62d0f703e6b293dc38fb5148/906289ddb81d936c5982dd96.jpg
gongwangfu,恭王府,12956961.27,4829877.23,116.3930969943,39.942343055716,Prince Gong’s Mansion,恭王府花园,北京市西城区什刹海前海西街17号（近定阜街）,a5c27d1ed21b0ef4a8b18d11dcc451da81cb3e27,http://d.hiphotos.baidu.com/lvpics/w%3D300/sign=2fe6f127cdbf6c81f7372ae88c3fb1d7/a5c27d1ed21b0ef4a8b18d11dcc451da81cb3e27.jpg
qinghuadaxue,清华大学,12949756.26,4838576.47,116.32837399248,40.002470039593,Tsinghua University,null,北京市海淀区中关村北大街,b8389b504fc2d5626563432ce71190ef77c66c8c,http://a.hiphotos.baidu.com/lvpics/w%3D300/sign=d68573c8b6003af34dbada60052bc619/b8389b504fc2d5626563432ce71190ef77c66c8c.jpg
beijingdaxue,北京大学,12948398.37,4837892.14,116.31617599179,39.997742052964,null,null,北京市海淀区颐和园路5号,834344af050470a3fbed50c0,http://b.hiphotos.baidu.com/lvpics/w%3D300/sign=92f1b9d3a61ea8d38a227204a70a30cf/834344af050470a3fbed50c0.jpg
huairou,怀柔,12983164.048797,4885710.9274876,116.628478,40.327324,Huairou,null,null,814b07d8f685ff5f32fa1c02,http://c.hiphotos.baidu.com/lvpics/w%3D300/sign=dd66ef2ead345982c58ae3923cf5310b/814b07d8f685ff5f32fa1c02.jpg
taoranting,陶然亭,12956418.69,4820899.46,116.38822296826,39.880235048124,null,陶然亭公园,北京市宣武区太平街19号（陶然亭公园内）,aa251d4fdf47cd6eaec3ab35,http://h.hiphotos.baidu.com/lvpics/w%3D300/sign=e683ad52304e251fe2f7e2f89787c9c2/aa251d4fdf47cd6eaec3ab35.jpg
beijingheilongtan,黑龙潭,13002899.65,4920919.22,116.80576399303,40.568958978225,null,null,密云县石城镇鹿皮关北面,cb8065380cd79123352166c1ac345982b3b78046,http://c.hiphotos.baidu.com/lvpics/w%3D300/sign=32ae5fa7730e0cf3a0f748fb3a47f23d/cb8065380cd79123352166c1ac345982b3b78046.jpg
kangxicaoyuan,康西草原,12897261.43,4897095.46,115.85681004213,40.405552003165,null,null,京郊延庆县康庄镇西侧,e49cf9115a91ddaba6ef3f49,http://c.hiphotos.baidu.com/lvpics/w%3D300/sign=a11ea75e8744ebf86d71623fe9f8d736/e49cf9115a91ddaba6ef3f49.jpg
jinshanlingchangcheng,金山岭长城,13052589.43,4938992.81,117.25213002467,40.692658006901,null,null,河北省滦平县与北京市密云县交界处,6c63514a9fec204f09f7ef92,http://h.hiphotos.baidu.com/lvpics/w%3D300/sign=108b1f5d0a55b3199cf9847573a88286/6c63514a9fec204f09f7ef92.jpg
baihuashan,百花山,12867297.68,4815619.67,115.58764402489,39.843683077494,null,百花山风景区,北京市 门头沟区清水镇,6a63f6246b600c339f11db871b4c510fd9f9a110,http://a.hiphotos.baidu.com/lvpics/w%3D300/sign=a0cc997e4d086e066aa8394b32097b5a/6a63f6246b600c339f11db871b4c510fd9f9a110.jpg
yandaixiejie,烟袋斜街,12957738.734417,4830359.5423259,116.400081,39.945678,null,null,北京市西城区地安门外大街,38403f3f914d3bb454e723b8,http://b.hiphotos.baidu.com/lvpics/w%3D300/sign=20b4d00a9822720e7bcee4fa4bca0a3a/38403f3f914d3bb454e723b8.jpg
shijiehuahuidaguanyuan,世界花卉大观园,12953255.63,4815336.93,116.359809026,39.841725115667,null,null,北京丰台区南四环中路235号,d0c8a786c9177f3e3d9fab4b70cf3bc79e3d56c8,http://c.hiphotos.baidu.com/lvpics/w%3D300/sign=a76ccd27f3deb48ffb69a7dec01e3aef/d0c8a786c9177f3e3d9fab4b70cf3bc79e3d56c8.jpg
zhongyangdianshitai,中央电视台,12965624.36,4826790,116.4709180091,39.920992073009,null,null,北京市朝阳区东三环中路32号,10dfa9ec8a136327515100ca908fa0ec09fac78f,http://d.hiphotos.baidu.com/lvpics/w%3D300/sign=702875efcefc1e17fdbf8a317a91f67c/10dfa9ec8a136327515100ca908fa0ec09fac78f.jpg
zizhuyuan,紫竹院,12949348.38,4830754.66,116.32470998396,39.948410051182,null,紫竹院公园,北京市海淀区中关村南大街35号,d57e9994d9a24246d21b709d,http://f.hiphotos.baidu.com/lvpics/w%3D300/sign=809a9009f3deb48ffb69a7dec01e3aef/d57e9994d9a24246d21b709d.jpg
renminyingxiongjinianbei,人民英雄纪念碑,12958183.43,4825331.4111825,116.40407572492,39.910902202107,null,null,北京市 东城区天安门广场上,cc506c8b30db824ac9fc7a00,http://h.hiphotos.baidu.com/lvpics/w%3D300/sign=3809ee3a8535e5dd902ca3df46c7a7f5/cc506c8b30db824ac9fc7a00.jpg
dajuesi,大觉寺,12925812.3,4846682.1093814,116.11328408049,40.058446148325,null,西山大觉寺，大觉禅寺，清水院，灵泉寺,北京市海淀区北安河乡西山大觉寺路9号,0df431adcbef760981a6065d2edda3cc7dd99e47,http://c.hiphotos.baidu.com/lvpics/w%3D300/sign=3cb4c1920c3387449cc5297c610ed937/0df431adcbef760981a6065d2edda3cc7dd99e47.jpg
miyunshuiku,密云水库,13010872.55,4915056.96,116.87738499304,40.528786981762,null,null,密云县城北13公里处,b812c8fcc3cec3fd5dc1b8ded688d43f86942799,http://b.hiphotos.baidu.com/lvpics/w%3D300/sign=2c73e18849540923aa69657ea259d1dc/b812c8fcc3cec3fd5dc1b8ded688d43f86942799.jpg
huairouqinglongxia,青龙峡,12990531.92,4904955.61,116.69466399299,40.459509028867,null,null,北京市怀柔区怀北镇的古长城关口大水峪关附近,d048addec646e900cdbf1a39,http://c.hiphotos.baidu.com/lvpics/w%3D300/sign=c9d78826ca8065387beaa213a7dca115/d048addec646e900cdbf1a39.jpg
shihuadong,石花洞,12907961.46,4809588.33,115.95292900119,39.801904115098,null,null,房山区河北镇南车营村,7ac880512960a44943a75be5,http://g.hiphotos.baidu.com/lvpics/w%3D300/sign=b48b7a64b3de9c82a665ff8f5c8080d2/7ac880512960a44943a75be5.jpg
zhongguodianyingbowuguan,中国电影博物馆,12971900,4838600,116.52729242901,40.002632600798,null,null,北京市朝阳区南影路9号,6a22e82498054c6b8744f99b,http://d.hiphotos.baidu.com/lvpics/w%3D300/sign=80e8e92f3912b31bc76ccb29b6193674/6a22e82498054c6b8744f99b.jpg
beijingkongmiao,孔庙,12960068,4831432,116.42100492107,39.953093152121,null,null,北京市东城区国子监街13号,4075890a538c1b4794ca6b3f,http://d.hiphotos.baidu.com/lvpics/w%3D300/sign=15cb756eacaf2eddd4f14fe9bd110102/4075890a538c1b4794ca6b3f.jpg
shisanlingshuiku,十三陵水库,12942984.51,4876746.76,116.2675429891,40.265663046808,null,null,,b219ebc4b74543a9ba8609871e178a82b80114df,http://a.hiphotos.baidu.com/lvpics/w%3D300/sign=9c62bb65d21b0ef46ce89e5eedc551a1/b219ebc4b74543a9ba8609871e178a82b80114df.jpg
lingshuicun,灵水村,12884735.17,4839596.98,115.74428595836,40.009520056634,Lingshuicun,null,北京市门头沟区斋堂镇军响乡,35da1d3b0aaf39b215cecbd0,http://b.hiphotos.baidu.com/lvpics/w%3D300/sign=f091778e277f9e2f70351b082f30e962/35da1d3b0aaf39b215cecbd0.jpg
zhongguodizhibowuguan,中国地质博物馆,12955363.25,4828060.62,116.37874189259,39.929780370366,null,null,北京市西城区西四羊肉胡同15号,61183b2d2917686c349bf7b3,http://f.hiphotos.baidu.com/lvpics/w%3D300/sign=d34ecb8cb31c8701d6b6b4e6177e9e6e/61183b2d2917686c349bf7b3.jpg
wukesongtiyuguan,五棵松体育馆,12945152.7,4826282.57,116.28701995934,39.917482094068,null,null,null,4bac3073930457778601b019,http://a.hiphotos.baidu.com/lvpics/w%3D300/sign=ccef63ffa4c27d1ea5263dc42bd4adaf/4bac3073930457778601b019.jpg
fangshan,房山,12929862.472142,4802704.9906413,116.149667,39.754192,Fangshan,null,北京市房山区,476217f733311d4c730eec77,http://d.hiphotos.baidu.com/lvpics/w%3D300/sign=107a6eaab74543a9f51bfccc2e168a7b/476217f733311d4c730eec77.jpg
ritan,日坛,12963300.98,4827045.46,116.45004695855,39.922759064308,null,null,北京市 朝阳区日坛北路6号,30ecd5ef5f2a7d6eacafd5d8,http://b.hiphotos.baidu.com/lvpics/w%3D300/sign=0fb46fb63d6d55fbc5c670265d224f40/30ecd5ef5f2a7d6eacafd5d8.jpg
wofosi,卧佛寺,12937168.34,4840005.65,116.21529601352,40.012343076948,null,北京卧佛寺,北京市海淀区卧佛寺路,d041a4a1cb62d8e646106445,http://g.hiphotos.baidu.com/lvpics/w%3D300/sign=bf4b313d4fc2d562f208d6edd71090f3/d041a4a1cb62d8e646106445.jpg
laosheguju,老舍故居,12959372.37,4827359.48,116.41475603845,39.924931046301,null,老舍纪念馆,东城区灯市口西街丰富胡同19号,6a600c338744ebf850485073d9f9d72a6059a744,http://c.hiphotos.baidu.com/lvpics/w%3D300/sign=060c6f7a1d950a7b753548c43ad1625c/6a600c338744ebf850485073d9f9d72a6059a744.jpg
yunjusi,云居寺,12889269.27,4782505.88,115.78501602849,39.613989066449,null,房山云居寺,北京市房山区白带山下,7aad4ae7f74e8443b838202a,http://b.hiphotos.baidu.com/lvpics/w%3D300/sign=b391a79ed7ca7bcb7d7bc12f8e086b3f/7aad4ae7f74e8443b838202a.jpg
xianqidong,仙栖洞,12886414.78,4789783.74,115.75937398753,39.664538119634,null,仙栖洞景区,北京市房山区张坊镇,ea85a9453f99ef71cffca3ad,http://e.hiphotos.baidu.com/lvpics/w%3D300/sign=030e0a5ec93d70cf4cfaac0dc8dcd1ba/ea85a9453f99ef71cffca3ad.jpg
badalingsenlingongyuan,八达岭森林公园,12916199.9,4889556.4050265,116.02693536165,40.353758149165,null,北京八达岭国家森林公园,八达岭森林公安派出所南,72ccb777afccee77b151b9e8,http://g.hiphotos.baidu.com/lvpics/w%3D300/sign=e4551a7cb912c8fcb4f3f0cdcc0292b4/72ccb777afccee77b151b9e8.jpg
nanshanhuaxuechang,南山滑雪场,13009900,4887520,116.8686485228,40.339761059228,null,null,北京市密云区河南寨镇圣水头村,6c224f4a20a44623846a3ea39822720e0df3d74b,http://f.hiphotos.baidu.com/lvpics/w%3D300/sign=5729e41c2e738bd4c421b431918a876c/6c224f4a20a44623846a3ea39822720e0df3d74b.jpg
haidiangongyuan,海淀公园,12946788.6,4837224.6102134,116.30171533918,39.993129749299,null,北京海淀公园,海淀区万柳路,cdbf6c81800a19d82267bf4e33fa828ba61e4610,http://g.hiphotos.baidu.com/lvpics/w%3D300/sign=e5b55a9c36d12f2ece05a8607fc3d5ff/cdbf6c81800a19d82267bf4e33fa828ba61e4610.jpg
qinglianggu,清凉谷,12997732.2,4931108.2,116.75934450496,40.638722660687,null,null,密云县石城镇四合堂地区,7e3e6709c93d70cf38c62db6f2dcd100baa12b48,http://d.hiphotos.baidu.com/lvpics/w%3D300/sign=b78e3edf9eeef01f4d141ec5d0fe99e0/7e3e6709c93d70cf38c62db6f2dcd100baa12b48.jpg
beijingluxunguju,鲁迅故居,12953855.868331,4828276.0192509,116.365201,39.93127,null,北京鲁迅故居,北京市西城区阜成门内宫门口二条19号,aa64034f78f0f7365ccf79e70e55b319ebc41326,http://d.hiphotos.baidu.com/lvpics/w%3D300/sign=30c2c32bf8039245a1b5e70fb795a4a8/aa64034f78f0f7365ccf79e70e55b319ebc41326.jpg
yongdingmen,永定门,12956657.03,4820178.94,116.39036398962,39.87524804676,null,null,,a992e31feef66752314e1538,http://h.hiphotos.baidu.com/lvpics/w%3D300/sign=9e6f3bb776094b36db921ded93cd7c00/a992e31feef66752314e1538.jpg
huanleshuimofang,欢乐水魔方,12941715,4822145,116.25613891082,39.888855056557,null,北京欢乐水魔方,北京市丰台区小屯路,aa18972bd40735faf453b4239f510fb30e24088c,http://c.hiphotos.baidu.com/lvpics/w%3D300/sign=8594ffe4241f95caa6f594b6f9167fc5/aa18972bd40735faf453b4239f510fb30e24088c.jpg
fayuansi,法源寺,12955111.9,4822383.3114089,116.37648400169,39.890504134823,null,中国佛教图书文物馆,北京市 宣武区教子胡同南端法源寺前街,32bb9c8bc729938bfd1f10b4,http://b.hiphotos.baidu.com/lvpics/w%3D300/sign=d380ebfa0cf431adbcd245397b36ac0f/32bb9c8bc729938bfd1f10b4.jpg
xidandayuecheng,西单大悦城,12955386.19,4826289.07,116.37894796387,39.917527056812,null,null,,503d269759ee3d6d8e15ea3642166d224e4ade78,http://d.hiphotos.baidu.com/lvpics/w%3D300/sign=729961dfb21bb0518f24b5280678da77/503d269759ee3d6d8e15ea3642166d224e4ade78.jpg
landiaozhuangyuan,蓝调庄园,12980950,4833974,116.60858907766,39.97066555323,null,北京蓝调庄园,北京市朝阳区金盏乡楼梓庄蓝调庄园,cb8065380cd791239e55c1c1ac345982b3b780c9,http://b.hiphotos.baidu.com/lvpics/w%3D300/sign=99daf8a7730e0cf3a0f748fb3a47f23d/cb8065380cd791239e55c1c1ac345982b3b780c9.jpg
xidan,西单,12955433.94,4826160.19,116.37937690475,39.916635543814,null,null,北京市西城区,ae826731a3668f41ebc4afa9,http://b.hiphotos.baidu.com/lvpics/w%3D300/sign=3cf9ed90a786c91708035439f93d70c6/ae826731a3668f41ebc4afa9.jpg
dongfangpuluowangsixunyicaozhuangyuan,东方普罗旺斯薰衣草庄园,12983116.88,4888454.04,116.6280542801,40.346181498244,null,null,北京市怀柔区青春路北环岛向西500米,738b4710b912c8fc3e9e0839fd039245d78821d1,http://f.hiphotos.baidu.com/lvpics/w%3D300/sign=c9f8951b8cb1cb133e693a13ed5556da/738b4710b912c8fc3e9e0839fd039245d78821d1.jpg
miaofengshan,妙峰山,12917341.7,4848933.4,116.03719221396,40.073985028202,null,妙峰山风景名胜区,北京 门头沟区妙峰山镇,c83d70cf3bc79f3d9dee8d9ebaa1cd11728b2914,http://f.hiphotos.baidu.com/lvpics/w%3D300/sign=f1dcac813a292df597c3aa158c305ce2/c83d70cf3bc79f3d9dee8d9ebaa1cd11728b2914.jpg
guijie,簋街,12962146.24,4830531.5,116.4396738655,39.946867061329,null,null,北京市东城区东直门簋街,8474fbdd790a468476c638ac,http://g.hiphotos.baidu.com/lvpics/w%3D300/sign=683fbd0b0c3387449cc5297c610fd937/8474fbdd790a468476c638ac.jpg
zhongyangdianshita,中央电视塔,12948018.99,4827437.41,116.31276800034,39.925470053941,Beijing Tower（Central TV Tower）,中央广播电视塔,北京海淀区西三环中路11号,a5c27d1ed21b0ef4f9df5f9eddc451da81cb3e3f,http://c.hiphotos.baidu.com/lvpics/w%3D300/sign=7e8823a8ccbf6c81f7372ae88c3fb1d7/a5c27d1ed21b0ef4f9df5f9eddc451da81cb3e3f.jpg
badahutong,八大胡同,12957695.99,4823598.81,116.39969702454,39.898915057417,null,null,前门外大栅栏观音寺以西，西珠市口大街以北、铁树斜街以南,6dc09e0aa9995b55b1351d8a,http://a.hiphotos.baidu.com/lvpics/w%3D300/sign=216270b6a144ad342ebf8187e0a30c08/6dc09e0aa9995b55b1351d8a.jpg
juyongguanchangcheng,居庸关长城,12922299.9,4881080.18,116.08173199776,40.295478023995,null,null,北京市昌平区南口镇,7748553689dd1285a2cc2b6f,http://f.hiphotos.baidu.com/lvpics/w%3D300/sign=181f69a3b2fb43161a1f7c7a10a54642/7748553689dd1285a2cc2b6f.jpg
beijingzhiwuyuan,北京植物园,12937281.77,4839468.44,116.21631496146,40.008632100646,null,null,海淀区香山卧佛寺路,8b527d27b929cb5b908f9df7,http://d.hiphotos.baidu.com/lvpics/w%3D300/sign=136ced1bad4bd11304cdb1326aaea488/8b527d27b929cb5b908f9df7.jpg
yunmengshan,云蒙山,12989789.079999,4919662.3315419,116.68799102033,40.560348000535,null,云蒙山国家森林公园，云梦山,北京市怀柔区琉璃庙镇后山铺村,64380cd7912397ddccc053c45982b2b7d1a287b1,http://f.hiphotos.baidu.com/lvpics/w%3D300/sign=f5a68cfe0cf3d7ca0cf63976c21ebe3c/64380cd7912397ddccc053c45982b2b7d1a287b1.jpg
shimaotianjie,世贸天阶,12964240.42,4826933.27,116.45848599983,39.921983062946,null,null,,314e251f95cad1c82e90e6da7e3e6709c93d5127,http://b.hiphotos.baidu.com/lvpics/w%3D300/sign=2ef9e1d69c16fdfad86cc0ee848e8cea/314e251f95cad1c82e90e6da7e3e6709c93d5127.jpg
gubeishuizhen,古北水镇,13054281.000001,4932891.4999446,117.26732549119,40.650925322943,GUBEI,密云古北水镇,北京市密云县古北口镇,b999a9014c086e065856d23500087bf40bd1cbd6,http://f.hiphotos.baidu.com/lvpics/w%3D300/sign=0e3823a3a964034f0fcdc4069fc27980/b999a9014c086e065856d23500087bf40bd1cbd6.jpg
beijingziranbowuguan,北京自然博物馆,12958447.29,4822253.96,116.40644599384,39.889609084045,null,null,北京市天桥南路126号,5882b2b7d0a20cf4f268651776094b36adaf997a,http://d.hiphotos.baidu.com/lvpics/w%3D300/sign=31da10f16b63f6241c5d3f03b746eb32/5882b2b7d0a20cf4f268651776094b36adaf997a.jpg
zhongguomeishuguan,中国美术馆,12959439.49,4828319.54,116.41535898111,39.931571062107,null,null,北京市东城区五四大街一号,00a827010c8883567aec2c34,http://f.hiphotos.baidu.com/lvpics/w%3D300/sign=6b9432af9052982205333fc3e7cb7b3b/00a827010c8883567aec2c34.jpg
fuguohaidishijie,富国海底世界,12963692.5,4828661.66,116.45356400428,39.933937092959,null,工体富国海底世界,北京市朝阳区三里屯工体北路工体南门,63d9f2d3572c11dfddd33ee1632762d0f603c2f6,http://e.hiphotos.baidu.com/lvpics/w%3D300/sign=c7265f36b74543a9f51bfccc2e168a7b/63d9f2d3572c11dfddd33ee1632762d0f603c2f6.jpg
zhonghuaminzuyuan,中华民族园,12957553.5,4836573.69,116.39841702902,39.988632046685,null,中华民族博物院,北京市朝阳区民族园路1号,377adab44aed2e7390ae46ec8701a18b86d6faaf,http://d.hiphotos.baidu.com/lvpics/w%3D300/sign=fdb78e799e510fb378197197e932c893/377adab44aed2e7390ae46ec8701a18b86d6faaf.jpg
jingdongdaxiagu,京东大峡谷,13042679.88,4874968.75,117.16311199101,40.253426074129,null,null,北京市平谷区山东庄镇鱼子山村,d35a10f49a5e9236dcc47440,http://b.hiphotos.baidu.com/lvpics/w%3D300/sign=0ddfabb6f01f3a295ac8d3cea924bce3/d35a10f49a5e9236dcc47440.jpg
zhongguohangkongbowuguan,中国航空博物馆,12954598.38,4866124.47,116.37187102323,40.192523075886,China Aviation Museum,null,北京市昌平区小汤山5806号,3bf33a87e950352aa47dedc85343fbf2b3118bd6,http://c.hiphotos.baidu.com/lvpics/w%3D300/sign=44b6a41e3d6d55fbc5c670265d234f40/3bf33a87e950352aa47dedc85343fbf2b3118bd6.jpg
jingdongshilinxia,京东石林峡,13052904.46,4876894.54,117.25495995652,40.26668002719,null,null,北京市平谷黄松峪乡雕窝村73号,ca5257545e8ee80c574e0022,http://h.hiphotos.baidu.com/lvpics/w%3D300/sign=6287f304103853438ccf8121a312b01f/ca5257545e8ee80c574e0022.jpg
liulichangwenhuajie,琉璃厂文化街,12956784.16,4823989.04,116.39150600541,39.901615097848,null,null,北京市宣武区南新华街,0865b5181c35945f35fa41d3,http://d.hiphotos.baidu.com/lvpics/w%3D300/sign=06af8b4b49540923aa69657ea258d1dc/0865b5181c35945f35fa41d3.jpg
qianmendajie,前门大街,12958245.579999,4823755.3213043,116.40463402179,39.899997909462,null,null,北京市崇文区前门,0b7b02087bf40ad1a173921e562c11dfa8eccebc,http://d.hiphotos.baidu.com/lvpics/w%3D300/sign=349ccf0e78310a55c424d8f487444387/0b7b02087bf40ad1a173921e562c11dfa8eccebc.jpg
wangfujingjiaotang,王府井教堂,12959790.49,4827173.27,116.41851203345,39.923643096059,null,null,王府井大街74号,8759287a71ea04b52e73b39c,http://d.hiphotos.baidu.com/lvpics/w%3D300/sign=575ddc1dd688d43ff0a997f24d1fd2aa/8759287a71ea04b52e73b39c.jpg
simataichangcheng,司马台长城,13056203.9,4934269.05,117.28459900784,40.660350003198,null,null,北京市密云县古北口镇司马台村北,3a86813db79d8f6cbaa1678a,http://h.hiphotos.baidu.com/lvpics/w%3D300/sign=1ba668bd2f2eb938ec6d7cf2e56385fe/3a86813db79d8f6cbaa1678a.jpg
taoyuanxiangu,桃源仙谷,13004200,4918200,116.81744510873,40.550328144298,null,null,北京市密云县石城乡南石城村,b3508d13b70180d86438db7c,http://h.hiphotos.baidu.com/lvpics/w%3D300/sign=0dae2881f2d3572c66e29adcba126352/b3508d13b70180d86438db7c.jpg
badalingshuiguanchangcheng,八达岭水关长城,12918081.18,4888213.2,116.04383500355,40.344526062192,null,八达岭水关长城景区,北京市延庆县八达岭镇石佛寺西侧,ca5257541232ac03564e00cd,http://d.hiphotos.baidu.com/lvpics/w%3D300/sign=2e3bb70b103853438ccf8121a313b01f/ca5257541232ac03564e00cd.jpg
panjiayuan,潘家园,12964878.84,4821103.91,116.46422096187,39.881650060139,null,null,北京市朝阳区潘家园桥华威里18号,79b1e936356030690b55a959,http://c.hiphotos.baidu.com/lvpics/w%3D300/sign=aaed6c4795cad1c8d0bbfa274f3f67c4/79b1e936356030690b55a959.jpg
xiedaodujiacun,蟹岛度假村,12975954.586172,4841142.9996399,116.563715,40.020199,null,null,朝阳区蟹岛路1号,622762d0f703918f6cd56a8c513d269759eec474,http://e.hiphotos.baidu.com/lvpics/w%3D300/sign=d22ee8f4b9014a90813e40bd99763971/622762d0f703918f6cd56a8c513d269759eec474.jpg
taipingyanghaidishijiebolanguan,太平洋海底世界博览馆,12948007.52,4827336.5,116.3126649647,39.924772102901,null,null,北京市海淀区西三环中路11号中央电视塔下,5327ce16177a0075962b4368,http://g.hiphotos.baidu.com/lvpics/w%3D300/sign=2af6f5b28db1cb133e693a13ed5556da/5327ce16177a0075962b4368.jpg
baiwangshan,百望山,12942475.44,4843521.35,116.26296998524,40.036624051368,null,百望山森林公园,北京市 海淀区黑山扈北口19号,bd7faf35683ebdd3a71e1239,http://d.hiphotos.baidu.com/lvpics/w%3D300/sign=f6f066dab2b7d0a27bc9029dfbee760d/bd7faf35683ebdd3a71e1239.jpg
dongjiaominxiang,东交民巷,12958438.718992,4824964.9543642,116.406369,39.908367,null,null,西起天安门广场东路，东至崇文门内大街,b8405490f4899dd5a877a440,http://c.hiphotos.baidu.com/lvpics/w%3D300/sign=d38a54f9cd11728b302d8a22f8fdc3b3/b8405490f4899dd5a877a440.jpg
gulou,鼓楼,12957988.760714,4830520.6549076,116.402327,39.946792,null,北京鼓楼,北京市钟楼湾临字9号,11385343fbf2b211bbaa8cfaca8065380dd78ef9,http://a.hiphotos.baidu.com/lvpics/w%3D300/sign=6baf51a64f4a20a4311e3ac7a0539847/11385343fbf2b211bbaa8cfaca8065380dd78ef9.jpg
lingshan,灵山,12858511.58,4844868.26,115.50871800447,40.045924097842,null,灵山自然风景区,北京市门头沟区清水镇西北,5882b2b7d0a20cf41cc7896874094b36acaf9935,http://f.hiphotos.baidu.com/lvpics/w%3D300/sign=df75fc8e6963f6241c5d3f03b745eb32/5882b2b7d0a20cf41cc7896874094b36acaf9935.jpg
taimiao,太庙,12958422.47,4826345.16,116.40622303441,39.917915049465,null,null,北京市东城区天安门东侧,0865b5181b83eb5f34fa4125,http://e.hiphotos.baidu.com/lvpics/w%3D300/sign=0119f44b49540923aa69657ea259d1dc/0865b5181b83eb5f34fa4125.jpg
lugouqiao,卢沟桥,12939026.28,4817397.05,116.23198599092,39.855990065424,Lugou Bridge,芦沟桥,北京市丰台区永定河上,8759287a659270b52e73b3a4,http://h.hiphotos.baidu.com/lvpics/w%3D300/sign=4325a81dd688d43ff0a997f24d1ed2aa/8759287a659270b52e73b3a4.jpg
wudaoyinghutong,五道营胡同,12959856.9,4831663.6,116.41910859814,39.954694350863,null,null,北京市东城区安定门立交桥东侧,902397dda144ad3492e2102bd0a20cf431ad8539,http://d.hiphotos.baidu.com/lvpics/w%3D300/sign=c79375567bcb0a4685228d395b62f63e/902397dda144ad3492e2102bd0a20cf431ad8539.jpg
wangfujingbuxingjie,王府井步行街,12959702.1,4826246.57,116.41771802121,39.917233069104,null,null,,e824b899a9014c081a20b4460b7b02087bf4f43e,http://e.hiphotos.baidu.com/lvpics/w%3D300/sign=d029e228faedab6474724bc0c737af81/e824b899a9014c081a20b4460b7b02087bf4f43e.jpg
daguanyuan,大观园,12953588.36,4820414.01,116.36279795792,39.876875098553,null,北京红楼文化艺术博物馆,北京市西城区南菜园街88号,0b7b02087bf40ad11fae5521572c11dfa8ecceae,http://f.hiphotos.baidu.com/lvpics/w%3D300/sign=8a41083179310a55c424d8f487444387/0b7b02087bf40ad11fae5521572c11dfa8ecceae.jpg
qianmen,前门,12958229.99,4824554.46,116.40449397597,39.90552710516,null,正阳门,北京前门东西大街的交汇处,241f95cad1c8a786daf9d8cf6709c93d71cf501b,http://d.hiphotos.baidu.com/lvpics/w%3D300/sign=ddf53ae7fdfaaf5184e387bfbc5694ed/241f95cad1c8a786daf9d8cf6709c93d71cf501b.jpg
shichahai,什刹海,12956327.86,4830797.04,116.38740703737,39.948703074239,null,十刹海风景区，前海,北京市西城区羊房胡同,8d5494eef01f3a29d4b67d0f9925bc315d607cf1,http://b.hiphotos.baidu.com/lvpics/w%3D300/sign=f5940cd297dda144da096ab282b6d009/8d5494eef01f3a29d4b67d0f9925bc315d607cf1.jpg
junshibowuguan,军事博物馆,12950024.43,4826009.49,116.33078297836,39.915593078568,null,中国革命军事博物馆,北京市海淀区复兴路9号,0d968f239a3de81cac34de1d,http://f.hiphotos.baidu.com/lvpics/w%3D300/sign=a40cc34b632762d0803ea2bf90ed0849/0d968f239a3de81cac34de1d.jpg
shijingshanyouleyuan,石景山游乐园,12937189.49,4826284.59,116.21548600514,39.917496067109,null,null,北京市石景山路25号,902397dda144ad344e0de740d1a20cf430ad8542,http://h.hiphotos.baidu.com/lvpics/w%3D300/sign=1b7c823d7acb0a4685228d395b62f63e/902397dda144ad344e0de740d1a20cf430ad8542.jpg
hongluosi,红螺寺,12983521.83,4893516.61,116.63169196826,40.380970064414,null,null,北京市怀柔区雁栖湖镇红螺山下,4e0b3ea43135a69a9052eea1,http://h.hiphotos.baidu.com/lvpics/w%3D300/sign=0e27a538b319ebc4c0787099b226cf79/4e0b3ea43135a69a9052eea1.jpg
tanzhesi,潭柘寺,12917380.75,4825284.2711863,116.03754300226,39.910576085988,null,null,北京市门头沟区潭柘寺镇,9922720e0cf3d7cafac2b47df01fbe096b63a981,http://b.hiphotos.baidu.com/lvpics/w%3D300/sign=208239ed257f9e2f70351b082f30e962/9922720e0cf3d7cafac2b47df01fbe096b63a981.jpg
beijingtianwenguan,北京天文馆,12951407,4830033,116.34320268085,39.943420167991,null,null,北京西直门外大街138号,9113862283a635abd6cae226,http://b.hiphotos.baidu.com/lvpics/w%3D300/sign=46ed7af18226cffc692ab9b289004a7d/9113862283a635abd6cae226.jpg
guojiadajuyuan,国家大剧院,12957334.53,4825665.15,116.39645000945,39.913211051169,null,null,北京市西城区西长安街2号,109eb7ec56f05a7f63d09f19,http://e.hiphotos.baidu.com/lvpics/w%3D300/sign=9e44e06bc895d143da76e22343f18296/109eb7ec56f05a7f63d09f19.jpg
cuandixiacun,爨底下村,12874534.95,4838681.85,115.65265682007,40.003198073096,null,川底下村,北京市门头沟区斋堂镇爨底下村,902397dda144ad34e73d1fedd2a20cf430ad85de,http://g.hiphotos.baidu.com/lvpics/w%3D300/sign=b24c7a9079cb0a4685228d395b62f63e/902397dda144ad34e73d1fedd2a20cf430ad85de.jpg
guozijian,国子监,12960062.48,4831263.08,116.42095533461,39.951925276428,null,孔庙,北京市东城区安定门内国子监街13号,d7c9ca3f4a5d4a9a7c1e7107,http://f.hiphotos.baidu.com/lvpics/w%3D300/sign=50df13a2af51f3dec3b2bf64a4eff0ec/d7c9ca3f4a5d4a9a7c1e7107.jpg
fenghuangling,凤凰岭,12924654.56,4854958.4086117,116.10288403828,40.11555309194,null,北京凤凰岭自然风景区,北京市海淀区苏家坨镇凤凰岭路19号,f9dcd100baa1cd116648f6e2b912c8fcc2ce2d71,http://e.hiphotos.baidu.com/lvpics/w%3D300/sign=f43d28d7bc315c6043956defbdb3cbe6/f9dcd100baa1cd116648f6e2b912c8fcc2ce2d71.jpg
beijingyeshengdongwuyuan,北京野生动物园,12950480.29,4766484.4045505,116.33487799386,39.502579120304,null,null,北京市大兴区一零六国道,dc15484e3ffe3362b2de0537,http://f.hiphotos.baidu.com/lvpics/w%3D300/sign=fee51999b2119313c743f9b055390c10/dc15484e3ffe3362b2de0537.jpg
shoudubowuguan,首都博物馆,12952073.62,4825532.6,116.34919096504,39.91229409294,null,null,北京市西城区复兴门外大街16号,5beeba0fefb3c2b5ab645785,http://e.hiphotos.baidu.com/lvpics/w%3D300/sign=26c39f46a8d3fd1f3609a43a004f25ce/5beeba0fefb3c2b5ab645785.jpg
yuyuantan,玉渊潭,12949534.29,4827029.27,116.32638002373,39.92264708106,null,玉渊潭公园,北京市海淀区西三环中路10号,5243fbf2b2119313d319c87165380cd790238d9c,http://d.hiphotos.baidu.com/lvpics/w%3D300/sign=0e454dbb20a446237ecaa362a8237246/5243fbf2b2119313d319c87165380cd790238d9c.jpg
yanqihu,雁栖湖,12989174.7,4896507.49,116.68247201094,40.401514052307,null,null,北京市怀柔区011县道怀北镇,a6c7d7170b175451c93d6da6,http://e.hiphotos.baidu.com/lvpics/w%3D300/sign=f93932b13901213fcf3348dc64e736f8/a6c7d7170b175451c93d6da6.jpg
shidu,十渡,12868696.87,4786511.8036868,115.60021302575,39.641817094752,Shidu,十渡风景区,北京市房山区十渡镇,37d12f2eb9389b50a36e4d938535e5dde6116e5a,http://e.hiphotos.baidu.com/lvpics/w%3D300/sign=25468d3f36d3d539c13d09c30a85e927/37d12f2eb9389b50a36e4d938535e5dde6116e5a.jpg
ditan,地坛,12960212.95,4832333.43,116.42230701491,39.959325100853,null,地坛公园,北京市东城区安定门外大街2号,7e7f7909a2f14e973ac76301,http://d.hiphotos.baidu.com/lvpics/w%3D300/sign=52cd1f67b80e7bec23da05e11f2fb9fa/7e7f7909a2f14e973ac76301.jpg
gubeikouchangcheng,古北口长城,13045979,4940014.1,117.19274816775,40.699641012208,null,null,北京市密云县古北口镇,c995d143ad4bd113d782cb745aafa40f4bfb052c,http://e.hiphotos.baidu.com/lvpics/w%3D300/sign=9fb5d64bf8dcd100cd9cfe21428a47be/c995d143ad4bd113d782cb745aafa40f4bfb052c.jpg
zhongguogudongwuguan,中国古动物馆,12951123.61,4830028.65,116.34065697287,39.943390089014,null,null,西城区西直门外大街142号,b7003af33a87e95007b0ea2a10385343faf2b4d4,http://c.hiphotos.baidu.com/lvpics/w%3D300/sign=63a70ae159ee3d6d22c681cb73176d41/b7003af33a87e95007b0ea2a10385343faf2b4d4.jpg
mangshansenlingongyuan,莽山森林公园,12945008.4,4876247.9,116.28572370449,40.262229918824,null,蟒山国家森林公园,昌平区十三陵水库东侧,08b68e526b6d44560cf3e38d,http://d.hiphotos.baidu.com/lvpics/w%3D300/sign=188b811d43a98226b8c12d27ba83b97a/08b68e526b6d44560cf3e38d.jpg
beijingzhongshangongyuan,中山公园,12957869.09,4826288.49,116.40125199138,39.917523044753,null,null,北京市 东城区中华路4号,06493638d400d37cb8998fae,http://d.hiphotos.baidu.com/lvpics/w%3D300/sign=9aeabb9339dbb6fd255be3263924aba6/06493638d400d37cb8998fae.jpg
zhonghuashijitan,中华世纪坛,12949731.3,4825945.2,116.32814977542,39.91514834848,null,The China Millennium Monument,北京市海淀区复兴路甲9号,834344af378402a3faed5040,http://d.hiphotos.baidu.com/lvpics/w%3D300/sign=a071cbd3a61ea8d38a227204a70b30cf/834344af378402a3faed5040.jpg
zhongguokejiguanxinguan,中国科技馆新馆,12958447.18,4840019.69,116.4064450057,40.012440060702,null,null,北京市朝阳区北辰东路国家奥林匹克公园内,0823dd54564e9258433ba2139d82d158ccbf4e3b,http://c.hiphotos.baidu.com/lvpics/w%3D300/sign=bcefb2017dd98d1076d40a31113eb807/0823dd54564e9258433ba2139d82d158ccbf4e3b.jpg
shentangyu,神堂峪,12983033.58,4904422.0933383,116.62730599161,40.455847991633,null,神堂峪自然风景区,北京市怀柔区雁栖镇范个庄乡神堂峪村北,d041a4a11cabade046106403,http://b.hiphotos.baidu.com/lvpics/w%3D300/sign=6882443b4fc2d562f208d6edd71090f3/d041a4a11cabade046106403.jpg
jiulongyouleyuan,九龙游乐园,12943656.22,4875506.75,116.27357699704,40.257129039691,null,null,十三陵水库九龙游乐园,1c950a7b02087bf4f97152aff2d3572c10dfcfd3,http://d.hiphotos.baidu.com/lvpics/w%3D300/sign=8b50c740afc379317d688029dbc5b784/1c950a7b02087bf4f97152aff2d3572c10dfcfd3.jpg
tongzhou,通州,12987667.53,4824282.0152638,116.66893301979,39.903642074612,Tongzhou,null,北京市东南部,4075890a2ce1a07194ca6b3a,http://e.hiphotos.baidu.com/lvpics/w%3D300/sign=6aa6ce58acaf2eddd4f14fe9bd110102/4075890a2ce1a07194ca6b3a.jpg
labagoumensenlingongyuan,喇叭沟门森林公园,12968093,4977937.9944481,116.49309393825,40.958420787827,null,五龙潭原始森林景区,近郊怀柔区北部喇叭沟门满族乡孙栅子,8b527d274afa185b918f9da0,http://a.hiphotos.baidu.com/lvpics/w%3D300/sign=e0bf3e1bad4bd11304cdb1326aafa488/8b527d274afa185b918f9da0.jpg
gushanzhai,孤山寨,12872443.4,4786628.0136808,115.63386831117,39.642624207383,null,孤山寨自然风景区,北京市房山区十渡镇中国房山世界地质公园十渡园区七渡村内,b151f8198618367a5d9dcf232f738bd4b31ce53c,http://h.hiphotos.baidu.com/lvpics/w%3D300/sign=100251c934fae6cd0cb4ad613fb20f9e/b151f8198618367a5d9dcf232f738bd4b31ce53c.jpg
shengcundao,生存岛,12985225.82,4891953.98,116.64699900432,40.37023403847,null,生存岛新概念旅游基地,怀柔县红螺东路6号,d6ca7bcb0a46f21ffa3f6b14f6246b600c33ae69,http://e.hiphotos.baidu.com/lvpics/w%3D300/sign=da19077f28381f309e198ba999004c67/d6ca7bcb0a46f21ffa3f6b14f6246b600c33ae69.jpg
beijingyuanbohui,北京园博会,12935383.97,4820104.8,116.1992669195,39.874734874015,null,中国园林博物馆,北京市丰台区射击场路15号,b3119313b07eca80a498a91d902397dda04483af,http://b.hiphotos.baidu.com/lvpics/w%3D300/sign=e104e3e908f79052ef1f413e3cf2d738/b3119313b07eca80a498a91d902397dda04483af.jpg
shenglianshan,圣莲山,12882941.24,4815123.21,115.72817098632,39.8402450769,null,null,北京市房山区史家营乡圣莲山,bd7faf3502f5ebdca61e12c3,http://b.hiphotos.baidu.com/lvpics/w%3D300/sign=9c3b30d5b2b7d0a27bc9029dfbef760d/bd7faf3502f5ebdca61e12c3.jpg
jinhaihu,金海湖,13060197.64,4865555.63,117.32047499431,40.188604072218,null,null,平谷区东南盘山海子村,bd3eb13533fa828b0847aaa4fd1f4134970a5a14,http://g.hiphotos.baidu.com/lvpics/w%3D300/sign=176199274fc2d562f208d6edd71090f3/bd3eb13533fa828b0847aaa4fd1f4134970a5a14.jpg
zhongnanhai,中南海,12956777.37,4826761.95,116.39144501047,39.92079805116,null,null,西城区府右街乙27号,e61190ef76c6a7efb7a78fdbfcfaaf51f2de664d,http://b.hiphotos.baidu.com/lvpics/w%3D300/sign=4c96d491113853438ccf8121a312b01f/e61190ef76c6a7efb7a78fdbfcfaaf51f2de664d.jpg
beijingzhanlanguan,北京展览馆,12952243.72,4830443.1507769,116.35071898271,39.946256106198,null,null,西直门外,0d729944b8aef927500ffe67,http://d.hiphotos.baidu.com/lvpics/w%3D300/sign=e04d533af81986184147e9847aec2e69/0d729944b8aef927500ffe67.jpg
huanghuachengchangcheng,黄花城长城,12948837.2,4898944.95,116.32011802586,40.418251994342,null,null,怀柔区九渡河镇境内,9dc3cf5868bc9cd9800a18f9,http://e.hiphotos.baidu.com/lvpics/w%3D300/sign=6e8395600cd79123e0e092749d345917/9dc3cf5868bc9cd9800a18f9.jpg
jingdongdarongdong,京东大溶洞,13053735.14,4870518.09,117.26242200073,40.222785079998,null,null,北京市平谷区黑豆峪村东侧,null,http://a.hiphotos.baidu.com/lvpics/w%3D300/sign=d21b0ef41bd5ad6eaaf962eab1cb39a3/b64543a98226cffc1e178a82b9014a90f603eac4.jpg
beijingbaiyunguan,白云观,12952176.48,4824684.98,116.35011496209,39.9064301102,null,null,北京市 西城区复兴门外白云路东侧,734f12f3255441930b46e05c,http://c.hiphotos.baidu.com/lvpics/w%3D300/sign=70b8f5a41e178a82ce3c79a0c602737f/734f12f3255441930b46e05c.jpg
diaoyutaiyinxingdadao,钓鱼台银杏大道,12951147.61,4826630.85,116.34087256619,39.919891225121,null,null,西城区三里河路钓鱼台国宾馆东墙外(钓鱼台国宾馆东侧路),48540923dd54564ed2e1b3e2b2de9c82d0584f60,http://a.hiphotos.baidu.com/lvpics/w%3D300/sign=ec164c36a2cc7cd9fa2d32d909032104/48540923dd54564ed2e1b3e2b2de9c82d0584f60.jpg
jingxishibatan,京西十八潭,12905608.25,4841157.04,115.9317899861,40.020296043195,null,null,门头沟区安家庄村,8cf0d51354716774dd5401d9,http://f.hiphotos.baidu.com/lvpics/w%3D300/sign=f4755b7dc65c1038247ec8c28211931c/8cf0d51354716774dd5401d9.jpg
badalingyeshengdongwuyuan,八达岭野生动物园,12913148.34,4890765.1548921,115.99952303003,40.36206504505,null,null,北京市延庆县八达岭镇水泉沟,37d3d539b6003af32e58ae86342ac65c1138b671,http://e.hiphotos.baidu.com/lvpics/w%3D300/sign=b4334f2c503d26972ed30e5d65f9b24f/37d3d539b6003af32e58ae86342ac65c1138b671.jpg
haituoshan,海坨山,12893780.76,4920383.37,115.82554299174,40.565287996049,null,null,延庆张山营镇北部与河北赤城县交界处,4610b912c8fcc3ce7138eb849345d688d53f2088,http://c.hiphotos.baidu.com/lvpics/w%3D300/sign=ec1a9a36ca1349547e1eee64664f92dd/4610b912c8fcc3ce7138eb849345d688d53f2088.jpg
bailishanshuihualang,百里山水画廊,12941937.76,4935107.83,116.25813997618,40.666087964016,null,北京延庆百里山水画廊景区,北京市延庆县滦赤路,34fae6cd7b899e510c22eeef43a7d933c9950d98,http://d.hiphotos.baidu.com/lvpics/w%3D300/sign=965b3003a686c91708035439f93c70c6/34fae6cd7b899e510c22eeef43a7d933c9950d98.jpg
xishikujiaotang,西什库教堂,12956082,4828125.4,116.38519846344,39.93022839353,null,null,西城区西什库大街33号,c83d70cf3bc79f3d656ef57cbaa1cd11738b29ea,http://f.hiphotos.baidu.com/lvpics/w%3D300/sign=095cd4633a292df597c3aa158c305ce2/c83d70cf3bc79f3d656ef57cbaa1cd11738b29ea.jpg
lansegangwan,蓝色港湾,12966624.91,4831592.54,116.47990600488,39.954203071709,null,北京蓝色港湾,null,359b033b5bb5c9ea5fa03a78d439b6003bf3b3dd,http://c.hiphotos.baidu.com/lvpics/w%3D300/sign=c07d6f8c63d0f703e6b293dc38fb5148/359b033b5bb5c9ea5fa03a78d439b6003bf3b3dd.jpg
deyunshe,德云社,12958195.04,4822326.36,116.40418001819,39.89011010356,null,null,北京市朝阳区工体东路4号,267f9e2f0708283886f496e0b999a9014d08f14d,http://b.hiphotos.baidu.com/lvpics/w%3D300/sign=348faed772f082022d92973f7bfafb8a/267f9e2f0708283886f496e0b999a9014d08f14d.jpg
minghuanglaxianggong,明皇蜡像宫,12937758,4871800.5,116.22059296179,40.23161538753,null,十三陵明皇蜡像宫,北京市 昌平区西关环岛西北侧,4651a7128f43ae99c2fd7833,http://h.hiphotos.baidu.com/lvpics/w%3D300/sign=c28a888ae71190ef01fb94dffe1a9df7/4651a7128f43ae99c2fd7833.jpg
beijingaolinpikeshuishanggongyuan,奥林匹克水上公园,12991009.38,4865450.11,116.69895304247,40.187877070701,null,北京奥林匹克水上公园,北京市顺义区马坡镇潮白河,8367d1fcbdc0c3dab801a015,http://d.hiphotos.baidu.com/lvpics/w%3D300/sign=d318729f9f3df8dca63d8991fd1072bf/8367d1fcbdc0c3dab801a015.jpg
longmaiwenquandujiacun,龙脉温泉度假村,12958295,4865080,116.40507796438,40.185327060441,null,null,昌平区小汤山镇（镇政府北侧）,0e655ca7fdbd78f8d0435858,http://e.hiphotos.baidu.com/lvpics/w%3D300/sign=b80c6135ccbf6c81f7372ae88c3fb1d7/0e655ca7fdbd78f8d0435858.jpg
beijingsongqinglingguju,宋庆龄故居,12956567.97,4831236.8807124,116.38956395873,39.951744064457,null,null,北京市西城区什刹海后海北沿46号,0db52fadd49e49514a36d66e,http://h.hiphotos.baidu.com/lvpics/w%3D300/sign=4e4c19cf59ee3d6d22c681cb73176d41/0db52fadd49e49514a36d66e.jpg
daxing,大兴,12951964.306962,4799575.2351393,116.348209,39.732487,Daxing,null,null,2cb4fefe6698395f5d600809,http://h.hiphotos.baidu.com/lvpics/w%3D300/sign=365790a036d3d539c13d09c30a86e927/2cb4fefe6698395f5d600809.jpg
yuetan,月坛,12953356.26,4827173.85,116.36071299083,39.923647107757,null,月坛公园,北京西城区南礼士路西侧,72ccb7778f3b8e43b051b9a7,http://g.hiphotos.baidu.com/lvpics/w%3D300/sign=c4a27a48b912c8fcb4f3f0cdcc0392b4/72ccb7778f3b8e43b051b9a7.jpg
tiedaobowuguan,铁道博物馆,12971338.009999,4838646.2500917,116.52224404187,40.002952056956,null,中国铁道博物馆（正阳门馆）,朝阳区酒仙桥北路1号北侧,a044ad345982b2b796e4258231adcbef76099b78,http://g.hiphotos.baidu.com/lvpics/w%3D300/sign=3d8d2330f21fbe091c5ec5145b610c30/a044ad345982b2b796e4258231adcbef76099b78.jpg
jiankouchangcheng,箭扣长城,12969959,4904360.5,116.50985631906,40.455425345453,null,null,京郊怀柔县西北八道河乡境内,f95898188ef69aec4bedbc42,http://a.hiphotos.baidu.com/lvpics/w%3D300/sign=7b71bc5b9245d688a302b4a494c37dab/f95898188ef69aec4bedbc42.jpg
deshengmenjianlou,德胜门箭楼,12956162.54,4831858.83,116.3859219587,39.956044071212,null,null,,09bb4f3d558ef3833d6d97ac,http://d.hiphotos.baidu.com/lvpics/w%3D300/sign=29b60e624bfbfbeddc59307f48f0f78e/09bb4f3d558ef3833d6d97ac.jpg
donghugang,东湖港,12860967.31,4791150.24,115.53077796237,39.674025119279,null,东湖港景区,房山区十渡,8c1001e93901213f0c80b32755e736d12e2e959e,http://e.hiphotos.baidu.com/lvpics/w%3D300/sign=d4d7ede6d52a283443a6300b6bb4c92e/8c1001e93901213f0c80b32755e736d12e2e959e.jpg
jietaisi,戒台寺,12923639.1,4820238.9,116.09376210515,39.875663067368,null,null,北京市 门头沟区,3790312e96aaa4084ec2264f,http://h.hiphotos.baidu.com/lvpics/w%3D300/sign=f85844930a46f21fc9345853c6256b31/3790312e96aaa4084ec2264f.jpg
shuanglongxia,双龙峡,12882412,4832414.5,115.72341679424,39.959885542367,null,北京双龙峡自然风景区,null,4d4970063d81e110020881a5,http://a.hiphotos.baidu.com/lvpics/w%3D300/sign=29304073972bd40742c7d5fd4b899e9c/4d4970063d81e110020881a5.jpg
mingchengqiangyizhigongyuan,明城墙遗址公园,12962411.31,4825087.1,116.44205500392,39.909212109456,null,null,北京市 崇文区崇文门东大街9号,0fb505d5fea1b39350da4b03,http://d.hiphotos.baidu.com/lvpics/w%3D300/sign=c7219e483a292df597c3aa158c305ce2/0fb505d5fea1b39350da4b03.jpg
shunyi,顺义,12986794.439531,4857999.2584006,116.66109,40.136523,Shunyi,null,null,948bcfc8b8bc4f797f3e6f8d,http://h.hiphotos.baidu.com/lvpics/w%3D300/sign=bcf6fab78d1001e94e3c120f880f7b06/948bcfc8b8bc4f797f3e6f8d.jpg
baihexiagu,白河峡谷,12986305.519008,4930482.9935279,116.656698,40.634444,null,null,中国北京市延庆县旧镇至怀柔区琉璃庙镇,8435e5dde71190ef5a16f974ce1b9d16fcfa60af,http://e.hiphotos.baidu.com/lvpics/w%3D300/sign=1657b7cb352ac65c67056073cbf3b21d/8435e5dde71190ef5a16f974ce1b9d16fcfa60af.jpg
lidaidiwangmiao,历代帝王庙,12954827.48,4828095.57,116.37392904116,39.93002208746,null,null,北京阜成门大街131号,白塔寺东侧,e1bf8725f586603835a80f34,http://b.hiphotos.baidu.com/lvpics/w%3D300/sign=5c790a8bd539b6004dce09b7d9513526/e1bf8725f586603835a80f34.jpg
bolitai,玻璃台,13051330.6,4886747.4053369,117.24082188542,40.334449867101,null,null,北京市平谷区镇罗营镇,d52a2834349b033babe8ac9c15ce36d3d539bd10,http://a.hiphotos.baidu.com/lvpics/w%3D300/sign=e182cc9a8a13632715edc433a18ea056/d52a2834349b033babe8ac9c15ce36d3d539bd10.jpg
shenwumen,神武门,12958099.52,4827901.1,116.40332195677,39.928677105909,null,null,,a005b334305f42efd1a2d313,http://b.hiphotos.baidu.com/lvpics/w%3D300/sign=0b0d075b918fa0ec7fc7620d1696594a/a005b334305f42efd1a2d313.jpg
beijingtuanjiehugongyuan,北京团结湖公园,12965631.06,4828279.41,116.47097819557,39.931293525961,null,null,北京市 朝阳区团结湖南里16号,58af236dfa01c3ac421694f7,http://h.hiphotos.baidu.com/lvpics/w%3D300/sign=5417da33034f78f0800b9cf349300a83/58af236dfa01c3ac421694f7.jpg
jingdudiyipu,京都第一瀑,13001301.42,4925154.83,116.79140700488,40.597969002773,null,null,位于密云县石城乡北石城村,d53f8794a4c27d1ed028de8c1bd5ad6eddc4386f,http://c.hiphotos.baidu.com/lvpics/w%3D300/sign=d33a63a69c82d158bb825fb1b00b19d5/d53f8794a4c27d1ed028de8c1bd5ad6eddc4386f.jpg
zhoukoudianbeijingrenyizhi,周口店北京人遗址,12905977.28,4794408.59,115.93510500292,39.696641090057,Peking Man Site at Zhoukoudian,null,北京市房山区周口店大街1号,838ba61ea8d3fd1f825567fa304e251f94ca5f96,http://d.hiphotos.baidu.com/lvpics/w%3D300/sign=160375c5e5dde711e7d245f697eecef4/838ba61ea8d3fd1f825567fa304e251f94ca5f96.jpg
beijingguangjisi,广济寺,12955369.4,4828120.8109632,116.37879713838,39.930196579695,null,null,北京市西城区阜成门内大街25号,0d7299441c602514500ffe56,http://h.hiphotos.baidu.com/lvpics/w%3D300/sign=44838f09f81986184147e9847aec2e69/0d7299441c602514500ffe56.jpg
guguanxiangtai,古观象台,12962253.28,4825685.091155,116.44063541172,39.91334892243,null,北京古观象台,北京市东城区东裱褙胡同2号,906289ddac80e76c5882dd39,http://f.hiphotos.baidu.com/lvpics/w%3D300/sign=87d7297f62d0f703e6b293dc38fb5148/906289ddac80e76c5882dd39.jpg
xiushuijie,秀水街,12964007.09,4825900.06,116.45638998358,39.914836087973,null,null,北京市朝阳区,3b87e950352ac65c0dc9118efaf2b21192138a7a,http://f.hiphotos.baidu.com/lvpics/w%3D300/sign=441f7fa054fbb2fb342b5e127f482043/3b87e950352ac65c0dc9118efaf2b21192138a7a.jpg
beigongguojiasenlingongyuan,北宫国家森林公园,12927361.21,4819234.56,116.12719802436,39.86871106904,null,null,丰台区长辛店镇大灰厂东路55号,c75c10385343fbf2d8d16bd8b17eca8064388f48,http://c.hiphotos.baidu.com/lvpics/w%3D300/sign=d83bbbdd6c224f4a5799751339f69044/c75c10385343fbf2d8d16bd8b17eca8064388f48.jpg
huangchenggenyizhigongyuan,皇城根遗址公园,12959215.85,4826497.68,116.41335001067,39.918970068382,null,null,北京市东城区南河沿大街,79b1e9365b0496690b55a906,http://e.hiphotos.baidu.com/lvpics/w%3D300/sign=c489ca4795cad1c8d0bbfa274f3f67c4/79b1e9365b0496690b55a906.jpg
